Nogales - Deconcini, 5/7/2016, 10:00, 45 min, 4 lane(s)
Nogales - Deconcini, 5/7/2016, 10:00, 45 min, 4 lane(s)
Nogales - Deconcini, 5/7/2016, 10:00, 45 min, 4 lane(s)
Nogales - Deconcini, 5/7/2016, 11:00, 40 min, 4 lane(s)
Nogales - Deconcini, 5/7/2016, 11:00, 40 min, 4 lane(s)
Nogales - Deconcini, 5/7/2016, 11:00, 40 min, 4 lane(s)
Nogales - Deconcini, 5/7/2016, 11:00, 40 min, 4 lane(s)
Nogales - Deconcini, 5/7/2016, 11:00, 40 min, 4 lane(s)
Nogales - Deconcini, 5/7/2016, 11:00, 40 min, 4 lane(s)
Nogales - Deconcini, 5/7/2016, 11:00, 40 min, 4 lane(s)
Nogales - Deconcini, 5/7/2016, 11:00, 40 min, 4 lane(s)
Nogales - Deconcini, 5/7/2016, 11:00, 40 min, 4 lane(s)
Nogales - Deconcini, 5/7/2016, 11:00, 40 min, 4 lane(s)
Nogales - Deconcini, 5/7/2016, 11:00, 40 min, 4 lane(s)
Nogales - Deconcini, 5/7/2016, 11:00, 40 min, 4 lane(s)
Nogales - Deconcini, 5/7/2016, 11:00, 40 min, 4 lane(s)
Nogales - Deconcini, 5/7/2016, 11:00, 40 min, 4 lane(s)
Nogales - Deconcini, 5/7/2016, 11:00, 40 min, 4 lane(s)
Nogales - Deconcini, 5/7/2016, 11:00, 40 min, 4 lane(s)
