Nogales - Mariposa, 5/7/2016, 10:00, 30 min, 6 lane(s)
Nogales - Mariposa, 5/7/2016, 10:00, 30 min, 6 lane(s)
Nogales - Mariposa, 5/7/2016, 10:00, 30 min, 6 lane(s)
Nogales - Mariposa, 5/7/2016, 11:00, 15 min, 6 lane(s)
Nogales - Mariposa, 5/7/2016, 11:00, 15 min, 6 lane(s)
Nogales - Mariposa, 5/7/2016, 11:00, 15 min, 6 lane(s)
Nogales - Mariposa, 5/7/2016, 11:00, 15 min, 6 lane(s)
Nogales - Mariposa, 5/7/2016, 11:00, 15 min, 6 lane(s)
Nogales - Mariposa, 5/7/2016, 11:00, 15 min, 6 lane(s)
Nogales - Mariposa, 5/7/2016, 11:00, 15 min, 6 lane(s)
Nogales - Mariposa, 5/7/2016, 11:00, 15 min, 6 lane(s)
Nogales - Mariposa, 5/7/2016, 11:00, 15 min, 6 lane(s)
Nogales - Mariposa, 5/7/2016, 11:00, 15 min, 6 lane(s)
Nogales - Mariposa, 5/7/2016, 11:00, 15 min, 6 lane(s)
Nogales - Mariposa, 5/7/2016, 11:00, 15 min, 6 lane(s)
Nogales - Mariposa, 5/7/2016, 11:00, 15 min, 6 lane(s)
Nogales - Mariposa, 5/7/2016, 11:00, 15 min, 6 lane(s)
Nogales - Mariposa, 5/7/2016, 11:00, 15 min, 6 lane(s)
Nogales - Mariposa, 5/7/2016, 11:00, 15 min, 6 lane(s)
